,Planned_Duration,Planned_Cost,Planned_Deliverables,Actual_Duration,Actual_Cost,Actual_Deliverables,Projet IT,Projet Marketing,Phase 1,Phase 2,Phase 3,Phase 4,Phase A,Phase B,Phase C,Phase D,Phase E,Phase F,Start_Month_cos,Start_Month_sin
0,16,100000,6,16,86700,6,0,1,1,0,0,0,0,0,0,0,0,0,1.0,0.0
1,109,200000,27,66,171100,23,0,1,0,1,0,0,0,0,0,0,0,0,6.123233995736766e-17,1.0
2,146,300000,18,73,269000,15,0,1,0,0,1,0,0,0,0,0,0,0,-0.8660254037844387,0.49999999999999994
3,94,900000,20,148,765800,19,0,1,0,0,0,1,0,0,0,0,0,0,-0.8660254037844388,-0.4999999999999997
4,89,50000,19,106,45500,16,0,1,1,0,0,0,0,0,0,0,0,0,0.8660254037844387,0.49999999999999994
5,192,100000,7,97,85400,7,0,1,0,1,0,0,0,0,0,0,0,0,-0.4999999999999998,0.8660254037844387
6,125,150000,26,139,128000,23,0,1,0,0,1,0,0,0,0,0,0,0,-0.5000000000000004,-0.8660254037844384
7,176,450000,22,153,412800,21,0,1,0,0,0,1,0,0,0,0,0,0,1.0,0.0
8,139,700,26,109,900,23,1,0,0,0,0,0,1,0,0,0,0,0,0.5000000000000001,0.8660254037844386
9,157,16100,24,136,21000,21,1,0,0,0,0,0,0,1,0,0,0,0,-0.8660254037844387,0.49999999999999994
10,9,21000,23,13,24300,22,1,0,0,0,0,0,0,0,1,0,0,0,-0.8660254037844388,-0.4999999999999997
11,48,5600,25,58,18700,23,1,0,0,0,0,0,0,0,0,1,0,0,0.8660254037844384,-0.5000000000000004
12,161,115000,5,114,34800,4,1,0,0,0,0,0,0,0,0,0,1,0,0.5000000000000001,0.8660254037844386
13,26,2800,7,36,3200,7,1,0,0,0,0,0,0,0,0,0,0,1,-1.0,1.2246467991473532e-16
14,36,200,18,64,300,10,1,0,0,0,0,0,1,0,0,0,0,0,1.0,0.0
15,193,5400,10,128,6400,7,1,0,0,0,0,0,0,1,0,0,0,0,0.5000000000000001,0.8660254037844386
16,109,7000,30,125,7400,20,1,0,0,0,0,0,0,0,1,0,0,0,-0.8660254037844388,-0.4999999999999997
17,76,1900,8,53,20000,6,1,0,0,0,0,0,0,0,0,1,0,0,0.8660254037844384,-0.5000000000000004
18,92,108000,6,74,44000,4,1,0,0,0,0,0,0,0,0,0,1,0,1.0,0.0
19,139,900,3,132,1100,2,1,0,0,0,0,0,0,0,0,0,0,1,-1.0,1.2246467991473532e-16
20,173,100000,12,135,120500,10,0,1,1,0,0,0,0,0,0,0,0,0,1.0,0.0
21,66,200000,21,52,222300,20,0,1,0,1,0,0,0,0,0,0,0,0,0.8660254037844387,0.49999999999999994
22,9,300000,10,4,362400,9,0,1,0,0,1,0,0,0,0,0,0,0,6.123233995736766e-17,1.0
23,98,900000,3,73,1002800,3,0,1,0,0,0,1,0,0,0,0,0,0,-0.8660254037844387,0.49999999999999994
24,7,50000,7,14,55100,7,0,1,1,0,0,0,0,0,0,0,0,0,0.5000000000000001,0.8660254037844386
25,80,100000,5,43,112800,4,0,1,0,1,0,0,0,0,0,0,0,0,-1.0,1.2246467991473532e-16
26,117,150000,5,116,170900,4,0,1,0,0,1,0,0,0,0,0,0,0,-0.5000000000000004,-0.8660254037844384
27,5,450000,16,3,558300,15,0,1,0,0,0,1,0,0,0,0,0,0,1.0,0.0
28,38,700,10,44,700,9,1,0,0,0,0,0,1,0,0,0,0,0,6.123233995736766e-17,1.0
29,61,16100,31,78,16200,27,1,0,0,0,0,0,0,1,0,0,0,0,-0.8660254037844387,0.49999999999999994
30,39,21000,8,70,23000,8,1,0,0,0,0,0,0,0,1,0,0,0,-1.8369701987210297e-16,-1.0
31,15,5600,20,26,26100,19,1,0,0,0,0,0,0,0,0,1,0,0,0.8660254037844384,-0.5000000000000004
32,124,80000,28,128,25800,27,1,0,0,0,0,0,0,0,0,0,1,0,0.8660254037844387,0.49999999999999994
33,111,2800,25,106,2900,24,1,0,0,0,0,0,0,0,0,0,0,1,-0.8660254037844387,0.49999999999999994
34,190,100000,30,151,99500,28,0,1,1,0,0,0,0,0,0,0,0,0,0.8660254037844387,0.49999999999999994
35,15,200000,30,26,205600,28,0,1,0,1,0,0,0,0,0,0,0,0,6.123233995736766e-17,1.0
36,162,300000,19,143,275400,19,0,1,0,0,1,0,0,0,0,0,0,0,-0.8660254037844387,0.49999999999999994
37,78,900000,19,120,850300,17,0,1,0,0,0,1,0,0,0,0,0,0,-1.8369701987210297e-16,-1.0
38,173,700,10,281,800,9,1,0,0,0,0,0,1,0,0,0,0,0,-0.4999999999999998,0.8660254037844387
39,29,16100,30,52,19100,27,1,0,0,0,0,0,0,1,0,0,0,0,-0.8660254037844387,0.49999999999999994
40,64,21000,4,69,24700,4,1,0,0,0,0,0,0,0,1,0,0,0,0.5000000000000001,-0.8660254037844386
41,173,5600,17,153,16200,14,1,0,0,0,0,0,0,0,0,1,0,0,1.0,0.0
42,52,50000,12,79,39100,11,1,0,0,0,0,0,0,0,0,0,1,0,-0.8660254037844387,0.49999999999999994
43,184,2800,20,157,3000,17,1,0,0,0,0,0,0,0,0,0,0,1,-0.5000000000000004,-0.8660254037844384
44,4,100000,14,9,117500,14,0,1,1,0,0,0,0,0,0,0,0,0,0.8660254037844387,0.49999999999999994
45,151,200000,7,92,260100,7,0,1,0,1,0,0,0,0,0,0,0,0,-0.4999999999999998,0.8660254037844387
46,187,300000,7,129,394000,6,0,1,0,0,1,0,0,0,0,0,0,0,-0.8660254037844388,-0.4999999999999997
47,81,900000,6,50,1073400,6,0,1,0,0,0,1,0,0,0,0,0,0,0.8660254037844384,-0.5000000000000004
48,68,700,29,44,800,27,1,0,0,0,0,0,1,0,0,0,0,0,1.0,0.0
49,161,16100,7,139,19300,6,1,0,0,0,0,0,0,1,0,0,0,0,0.8660254037844387,0.49999999999999994
50,66,21000,9,31,26000,9,1,0,0,0,0,0,0,0,1,0,0,0,-1.0,1.2246467991473532e-16
51,153,5600,7,84,17500,6,1,0,0,0,0,0,0,0,0,1,0,0,-0.8660254037844388,-0.4999999999999997
52,83,58000,26,89,24000,24,1,0,0,0,0,0,0,0,0,0,1,0,-1.8369701987210297e-16,-1.0
53,19,2800,6,12,3300,6,1,0,0,0,0,0,0,0,0,0,0,1,1.0,0.0
54,55,100000,4,78,115400,4,0,1,1,0,0,0,0,0,0,0,0,0,6.123233995736766e-17,1.0
55,6,200000,13,9,216800,12,0,1,0,1,0,0,0,0,0,0,0,0,-0.8660254037844388,-0.4999999999999997
56,107,300000,17,168,345400,17,0,1,0,0,1,0,0,0,0,0,0,0,-0.8660254037844388,-0.4999999999999997
57,48,900000,11,67,995200,9,0,1,0,0,0,1,0,0,0,0,0,0,0.8660254037844387,0.49999999999999994
58,154,700,8,81,700,8,1,0,0,0,0,0,1,0,0,0,0,0,0.8660254037844387,0.49999999999999994
59,47,16100,32,56,14600,28,1,0,0,0,0,0,0,1,0,0,0,0,0.8660254037844387,0.49999999999999994
60,95,21000,4,116,18400,4,1,0,0,0,0,0,0,0,1,0,0,0,-0.4999999999999998,0.8660254037844387
61,12,5600,17,9,18000,15,1,0,0,0,0,0,0,0,0,1,0,0,-0.5000000000000004,-0.8660254037844384
62,160,33000,4,174,24300,4,1,0,0,0,0,0,0,0,0,0,1,0,0.8660254037844384,-0.5000000000000004
63,124,2800,5,153,2800,4,1,0,0,0,0,0,0,0,0,0,0,1,-0.8660254037844387,0.49999999999999994
64,157,700,13,165,700,12,1,0,0,0,0,0,1,0,0,0,0,0,-0.4999999999999998,0.8660254037844387
65,117,16100,7,125,14600,7,1,0,0,0,0,0,0,1,0,0,0,0,-1.8369701987210297e-16,-1.0
66,127,21000,13,133,20900,13,1,0,0,0,0,0,0,0,1,0,0,0,0.5000000000000001,0.8660254037844386
67,25,5600,9,29,15400,8,1,0,0,0,0,0,0,0,0,1,0,0,-0.4999999999999998,0.8660254037844387
68,65,32000,26,56,48800,24,1,0,0,0,0,0,0,0,0,0,1,0,-0.5000000000000004,-0.8660254037844384
69,200,2800,5,88,2700,4,1,0,0,0,0,0,0,0,0,0,0,1,0.5000000000000001,-0.8660254037844386
70,28,400,20,45,400,20,1,0,0,0,0,0,1,0,0,0,0,0,6.123233995736766e-17,1.0
71,49,8100,30,27,12300,29,1,0,0,0,0,0,0,1,0,0,0,0,-1.0,1.2246467991473532e-16
72,187,10500,29,145,11400,27,1,0,0,0,0,0,0,0,1,0,0,0,0.5000000000000001,-0.8660254037844386
73,93,2800,19,85,18600,18,1,0,0,0,0,0,0,0,0,1,0,0,0.8660254037844384,-0.5000000000000004
74,96,86000,19,101,29700,17,1,0,0,0,0,0,0,0,0,0,1,0,0.5000000000000001,0.8660254037844386
75,175,1400,16,102,1600,16,1,0,0,0,0,0,0,0,0,0,0,1,-0.8660254037844388,-0.4999999999999997
76,86,400,3,60,500,3,1,0,0,0,0,0,1,0,0,0,0,0,0.8660254037844387,0.49999999999999994
77,150,8100,29,206,9400,26,1,0,0,0,0,0,0,1,0,0,0,0,6.123233995736766e-17,1.0
78,125,10500,9,76,13900,8,1,0,0,0,0,0,0,0,1,0,0,0,6.123233995736766e-17,1.0
79,53,2800,6,80,14200,5,1,0,0,0,0,0,0,0,0,1,0,0,-0.8660254037844387,0.49999999999999994
80,134,47000,26,142,40800,23,1,0,0,0,0,0,0,0,0,0,1,0,-0.5000000000000004,-0.8660254037844384
81,32,1400,8,23,1800,7,1,0,0,0,0,0,0,0,0,0,0,1,0.8660254037844387,0.49999999999999994
82,40,400,28,42,400,26,1,0,0,0,0,0,1,0,0,0,0,0,0.8660254037844387,0.49999999999999994
83,116,8100,27,37,11100,25,1,0,0,0,0,0,0,1,0,0,0,0,-0.8660254037844388,-0.4999999999999997
84,147,10500,17,100,13800,14,1,0,0,0,0,0,0,0,1,0,0,0,-0.5000000000000004,-0.8660254037844384
85,21,2800,8,40,18700,8,1,0,0,0,0,0,0,0,0,1,0,0,0.8660254037844384,-0.5000000000000004
86,118,32000,13,140,41900,12,1,0,0,0,0,0,0,0,0,0,1,0,0.8660254037844387,0.49999999999999994
87,143,1400,19,144,1900,19,1,0,0,0,0,0,0,0,0,0,0,1,-0.8660254037844387,0.49999999999999994
88,140,100000,26,97,101000,26,0,1,1,0,0,0,0,0,0,0,0,0,1.0,0.0
89,174,200000,13,67,183900,12,0,1,0,1,0,0,0,0,0,0,0,0,6.123233995736766e-17,1.0
90,110,300000,28,147,311000,25,0,1,0,0,1,0,0,0,0,0,0,0,-0.8660254037844387,0.49999999999999994
91,72,900000,12,61,886200,12,0,1,0,0,0,1,0,0,0,0,0,0,0.5000000000000001,-0.8660254037844386
92,33,700,21,65,900,20,1,0,0,0,0,0,1,0,0,0,0,0,6.123233995736766e-17,1.0
93,73,16100,24,103,19400,24,1,0,0,0,0,0,0,1,0,0,0,0,-0.8660254037844387,0.49999999999999994
94,187,21000,13,147,23600,11,1,0,0,0,0,0,0,0,1,0,0,0,-1.8369701987210297e-16,-1.0
95,153,5600,25,77,17200,22,1,0,0,0,0,0,0,0,0,1,0,0,0.8660254037844387,0.49999999999999994
96,36,73000,4,36,51100,3,1,0,0,0,0,0,0,0,0,0,1,0,-0.4999999999999998,0.8660254037844387
97,183,2800,30,159,3100,26,1,0,0,0,0,0,0,0,0,0,0,1,-0.5000000000000004,-0.8660254037844384
98,11,50000,22,8,45200,20,0,1,1,0,0,0,0,0,0,0,0,0,0.5000000000000001,0.8660254037844386
99,134,100000,4,153,88100,3,0,1,0,1,0,0,0,0,0,0,0,0,-0.8660254037844387,0.49999999999999994
100,148,150000,3,144,128000,3,0,1,0,0,1,0,0,0,0,0,0,0,0.5000000000000001,-0.8660254037844386
101,148,450000,22,104,438400,19,0,1,0,0,0,1,0,0,0,0,0,0,0.5000000000000001,0.8660254037844386
102,18,400,6,28,400,6,1,0,0,0,0,0,1,0,0,0,0,0,0.5000000000000001,0.8660254037844386
103,42,8100,5,32,12800,5,1,0,0,0,0,0,0,1,0,0,0,0,-0.4999999999999998,0.8660254037844387
104,42,10500,26,38,9400,25,1,0,0,0,0,0,0,0,1,0,0,0,-0.8660254037844387,0.49999999999999994
105,121,2800,14,129,13700,13,1,0,0,0,0,0,0,0,0,1,0,0,0.5000000000000001,-0.8660254037844386
106,85,59000,30,124,47100,29,1,0,0,0,0,0,0,0,0,0,1,0,0.5000000000000001,0.8660254037844386
107,7,1400,11,15,1300,9,1,0,0,0,0,0,0,0,0,0,0,1,-1.0,1.2246467991473532e-16
108,19,50000,7,12,61600,6,0,1,1,0,0,0,0,0,0,0,0,0,1.0,0.0
109,110,100000,11,75,119100,10,0,1,0,1,0,0,0,0,0,0,0,0,-0.8660254037844387,0.49999999999999994
110,137,150000,32,92,176400,32,0,1,0,0,1,0,0,0,0,0,0,0,-0.8660254037844388,-0.4999999999999997
111,119,450000,8,78,573600,7,0,1,0,0,0,1,0,0,0,0,0,0,0.5000000000000001,-0.8660254037844386
112,177,400,14,85,400,12,1,0,0,0,0,0,1,0,0,0,0,0,0.5000000000000001,0.8660254037844386
113,30,8100,10,58,13100,10,1,0,0,0,0,0,0,1,0,0,0,0,-0.4999999999999998,0.8660254037844387
114,80,10500,17,59,12100,16,1,0,0,0,0,0,0,0,1,0,0,0,0.5000000000000001,-0.8660254037844386
115,169,2800,8,175,18300,8,1,0,0,0,0,0,0,0,0,1,0,0,6.123233995736766e-17,1.0
116,94,43000,29,128,23500,28,1,0,0,0,0,0,0,0,0,0,1,0,-0.5000000000000004,-0.8660254037844384
117,151,1400,29,146,1500,27,1,0,0,0,0,0,0,0,0,0,0,1,-1.8369701987210297e-16,-1.0
118,77,400,13,96,400,12,1,0,0,0,0,0,1,0,0,0,0,0,6.123233995736766e-17,1.0
119,45,8100,24,33,8400,20,1,0,0,0,0,0,0,1,0,0,0,0,-1.0,1.2246467991473532e-16
120,191,10500,7,164,11900,6,1,0,0,0,0,0,0,0,1,0,0,0,0.8660254037844384,-0.5000000000000004
121,102,2800,30,113,14900,26,1,0,0,0,0,0,0,0,0,1,0,0,-0.4999999999999998,0.8660254037844387
122,127,42000,17,139,21600,15,1,0,0,0,0,0,0,0,0,0,1,0,-0.5000000000000004,-0.8660254037844384
123,126,1400,16,125,1300,14,1,0,0,0,0,0,0,0,0,0,0,1,-1.8369701987210297e-16,-1.0
124,186,100000,29,200,97000,27,0,1,1,0,0,0,0,0,0,0,0,0,0.5000000000000001,0.8660254037844386
125,115,200000,24,155,201100,21,0,1,0,1,0,0,0,0,0,0,0,0,6.123233995736766e-17,1.0
126,184,300000,17,110,302400,16,0,1,0,0,1,0,0,0,0,0,0,0,-0.5000000000000004,-0.8660254037844384
127,145,900000,21,144,896500,18,0,1,0,0,0,1,0,0,0,0,0,0,0.8660254037844384,-0.5000000000000004
128,122,700,27,130,800,24,1,0,0,0,0,0,1,0,0,0,0,0,1.0,0.0
129,65,16100,8,49,18000,8,1,0,0,0,0,0,0,1,0,0,0,0,0.8660254037844387,0.49999999999999994
130,109,21000,23,144,23200,22,1,0,0,0,0,0,0,0,1,0,0,0,-1.0,1.2246467991473532e-16
131,1,5600,2,6,19900,2,1,0,0,0,0,0,0,0,0,1,0,0,-1.0,1.2246467991473532e-16
132,99,47000,12,67,43600,12,1,0,0,0,0,0,0,0,0,0,1,0,-1.0,1.2246467991473532e-16
133,82,2800,27,99,2800,25,1,0,0,0,0,0,0,0,0,0,0,1,-0.5000000000000004,-0.8660254037844384
134,53,100000,29,84,124400,28,0,1,1,0,0,0,0,0,0,0,0,0,-0.4999999999999998,0.8660254037844387
135,89,200000,32,100,236300,28,0,1,0,1,0,0,0,0,0,0,0,0,-1.0,1.2246467991473532e-16
136,74,300000,23,40,363000,20,0,1,0,0,1,0,0,0,0,0,0,0,-0.8660254037844388,-0.4999999999999997
137,140,900000,6,48,1012300,6,0,1,0,0,0,1,0,0,0,0,0,0,-0.8660254037844388,-0.4999999999999997
138,18,700,5,31,1000,4,1,0,0,0,0,0,1,0,0,0,0,0,1.0,0.0
139,94,16100,6,113,21000,5,1,0,0,0,0,0,0,1,0,0,0,0,0.5000000000000001,0.8660254037844386
140,151,21000,7,77,25800,7,1,0,0,0,0,0,0,0,1,0,0,0,0.5000000000000001,0.8660254037844386
141,106,5600,15,57,17900,14,1,0,0,0,0,0,0,0,0,1,0,0,-0.4999999999999998,0.8660254037844387
142,31,54000,18,50,44100,17,1,0,0,0,0,0,0,0,0,0,1,0,-1.0,1.2246467991473532e-16
143,31,2800,12,36,3400,11,1,0,0,0,0,0,0,0,0,0,0,1,-1.8369701987210297e-16,-1.0
144,48,100000,28,66,103500,25,0,1,1,0,0,0,0,0,0,0,0,0,6.123233995736766e-17,1.0
145,179,200000,5,68,209700,4,0,1,0,1,0,0,0,0,0,0,0,0,-1.0,1.2246467991473532e-16
146,7,300000,10,6,302200,10,0,1,0,0,1,0,0,0,0,0,0,0,-1.8369701987210297e-16,-1.0
147,79,900000,18,135,887300,17,0,1,0,0,0,1,0,0,0,0,0,0,0.8660254037844384,-0.5000000000000004
148,76,100000,31,95,107000,27,0,1,1,0,0,0,0,0,0,0,0,0,-0.4999999999999998,0.8660254037844387
149,28,200000,3,45,230600,3,0,1,0,1,0,0,0,0,0,0,0,0,-1.8369701987210297e-16,-1.0
150,128,300000,27,112,317600,23,0,1,0,0,1,0,0,0,0,0,0,0,1.0,0.0
151,3,900000,6,1,938200,6,0,1,0,0,0,1,0,0,0,0,0,0,1.0,0.0
152,60,700,19,28,800,17,1,0,0,0,0,0,1,0,0,0,0,0,0.5000000000000001,0.8660254037844386
153,4,16100,7,12,17800,9,1,0,0,0,0,0,0,1,0,0,0,0,6.123233995736766e-17,1.0
154,153,21000,17,143,23500,14,1,0,0,0,0,0,0,0,1,0,0,0,-0.8660254037844388,-0.4999999999999997
155,85,5600,15,129,24500,15,1,0,0,0,0,0,0,0,0,1,0,0,0.8660254037844384,-0.5000000000000004
156,176,32000,10,138,50900,9,1,0,0,0,0,0,0,0,0,0,1,0,1.0,0.0
157,104,2800,15,121,3200,13,1,0,0,0,0,0,0,0,0,0,0,1,0.5000000000000001,0.8660254037844386
158,158,50000,12,62,63500,11,0,1,1,0,0,0,0,0,0,0,0,0,-0.4999999999999998,0.8660254037844387
159,136,100000,25,56,131500,23,0,1,0,1,0,0,0,0,0,0,0,0,-1.0,1.2246467991473532e-16
160,121,150000,19,40,175700,19,0,1,0,0,1,0,0,0,0,0,0,0,-0.5000000000000004,-0.8660254037844384
161,129,450000,10,118,574100,9,0,1,0,0,0,1,0,0,0,0,0,0,0.5000000000000001,-0.8660254037844386
162,63,400,4,71,400,3,1,0,0,0,0,0,1,0,0,0,0,0,1.0,0.0
163,16,8100,25,12,11200,23,1,0,0,0,0,0,0,1,0,0,0,0,0.5000000000000001,0.8660254037844386
164,198,10500,24,124,13500,23,1,0,0,0,0,0,0,0,1,0,0,0,-0.8660254037844388,-0.4999999999999997
165,176,2800,28,119,18600,27,1,0,0,0,0,0,0,0,0,1,0,0,-0.8660254037844388,-0.4999999999999997
166,166,67000,23,165,55500,21,1,0,0,0,0,0,0,0,0,0,1,0,0.8660254037844384,-0.5000000000000004
167,193,1400,27,105,1800,23,1,0,0,0,0,0,0,0,0,0,0,1,-0.8660254037844387,0.49999999999999994
168,112,200,4,83,200,4,1,0,0,0,0,0,1,0,0,0,0,0,0.5000000000000001,0.8660254037844386
169,50,5400,13,19,5100,12,1,0,0,0,0,0,0,1,0,0,0,0,-0.4999999999999998,0.8660254037844387
170,96,7000,14,116,6500,9,1,0,0,0,0,0,0,0,1,0,0,0,-0.5000000000000004,-0.8660254037844384
171,79,1900,17,101,20400,17,1,0,0,0,0,0,0,0,0,1,0,0,1.0,0.0
172,183,69000,16,178,31900,11,1,0,0,0,0,0,0,0,0,0,1,0,-0.8660254037844387,0.49999999999999994
173,148,900,15,152,900,14,1,0,0,0,0,0,0,0,0,0,0,1,0.8660254037844384,-0.5000000000000004
174,191,50000,9,150,60500,9,0,1,1,0,0,0,0,0,0,0,0,0,6.123233995736766e-17,1.0
175,131,100000,31,122,122000,29,0,1,0,1,0,0,0,0,0,0,0,0,6.123233995736766e-17,1.0
176,1,150000,1,14,174700,1,0,1,0,0,1,0,0,0,0,0,0,0,-0.4999999999999998,0.8660254037844387
177,136,450000,20,55,574300,20,0,1,0,0,0,1,0,0,0,0,0,0,-0.5000000000000004,-0.8660254037844384
178,104,400,14,107,400,12,1,0,0,0,0,0,1,0,0,0,0,0,-0.4999999999999998,0.8660254037844387
179,173,8100,27,123,9500,25,1,0,0,0,0,0,0,1,0,0,0,0,-0.5000000000000004,-0.8660254037844384
180,8,10500,10,8,12000,9,1,0,0,0,0,0,0,0,1,0,0,0,1.0,0.0
181,14,2800,10,26,16400,10,1,0,0,0,0,0,0,0,0,1,0,0,6.123233995736766e-17,1.0
182,29,25000,25,53,33200,25,1,0,0,0,0,0,0,0,0,0,1,0,-0.4999999999999998,0.8660254037844387
183,114,1400,19,161,1600,17,1,0,0,0,0,0,0,0,0,0,0,1,-1.8369701987210297e-16,-1.0
184,66,100000,24,27,101200,21,0,1,1,0,0,0,0,0,0,0,0,0,6.123233995736766e-17,1.0
185,110,200000,27,90,207200,26,0,1,0,1,0,0,0,0,0,0,0,0,-0.4999999999999998,0.8660254037844387
186,178,300000,11,119,349800,10,0,1,0,0,1,0,0,0,0,0,0,0,-0.8660254037844388,-0.4999999999999997
187,167,900000,32,133,959700,32,0,1,0,0,0,1,0,0,0,0,0,0,-0.8660254037844388,-0.4999999999999997
188,20,700,21,13,900,20,1,0,0,0,0,0,1,0,0,0,0,0,1.0,0.0
189,160,16100,13,57,21600,11,1,0,0,0,0,0,0,1,0,0,0,0,-0.4999999999999998,0.8660254037844387
190,79,21000,30,60,25400,27,1,0,0,0,0,0,0,0,1,0,0,0,-1.0,1.2246467991473532e-16
191,129,5600,24,148,28500,20,1,0,0,0,0,0,0,0,0,1,0,0,0.8660254037844384,-0.5000000000000004
192,135,44000,18,140,27800,16,1,0,0,0,0,0,0,0,0,0,1,0,-0.4999999999999998,0.8660254037844387
193,195,2800,29,93,3700,26,1,0,0,0,0,0,0,0,0,0,0,1,-0.5000000000000004,-0.8660254037844384
194,10,50000,17,12,66600,16,0,1,1,0,0,0,0,0,0,0,0,0,6.123233995736766e-17,1.0
195,60,100000,19,17,128000,18,0,1,0,1,0,0,0,0,0,0,0,0,-0.8660254037844388,-0.4999999999999997
196,184,150000,31,106,204600,31,0,1,0,0,1,0,0,0,0,0,0,0,0.8660254037844387,0.49999999999999994
197,200,450000,7,90,609900,6,0,1,0,0,0,1,0,0,0,0,0,0,-0.8660254037844387,0.49999999999999994
198,14,400,32,7,400,32,1,0,0,0,0,0,1,0,0,0,0,0,1.0,0.0
199,69,8100,17,35,8700,16,1,0,0,0,0,0,0,1,0,0,0,0,1.0,0.0
200,144,10500,16,63,11100,14,1,0,0,0,0,0,0,0,1,0,0,0,0.8660254037844387,0.49999999999999994
201,140,2800,24,96,17700,23,1,0,0,0,0,0,0,0,0,1,0,0,6.123233995736766e-17,1.0
202,135,75000,27,131,52300,26,1,0,0,0,0,0,0,0,0,0,1,0,-1.0,1.2246467991473532e-16
203,79,1400,7,89,1600,6,1,0,0,0,0,0,0,0,0,0,0,1,-0.5000000000000004,-0.8660254037844384
204,62,50000,19,57,59000,18,0,1,1,0,0,0,0,0,0,0,0,0,-0.4999999999999998,0.8660254037844387
205,158,100000,7,183,119100,6,0,1,0,1,0,0,0,0,0,0,0,0,-0.8660254037844387,0.49999999999999994
206,68,150000,13,89,192600,12,0,1,0,0,1,0,0,0,0,0,0,0,-1.0,1.2246467991473532e-16
207,30,450000,4,58,521500,4,0,1,0,0,0,1,0,0,0,0,0,0,-1.8369701987210297e-16,-1.0
208,141,400,4,159,300,4,1,0,0,0,0,0,1,0,0,0,0,0,1.0,0.0
209,164,8100,13,128,7900,13,1,0,0,0,0,0,0,1,0,0,0,0,-1.0,1.2246467991473532e-16
210,70,10500,10,54,10100,9,1,0,0,0,0,0,0,0,1,0,0,0,-1.0,1.2246467991473532e-16
211,132,2800,4,66,18400,4,1,0,0,0,0,0,0,0,0,1,0,0,-0.5000000000000004,-0.8660254037844384
212,92,36000,3,120,22000,3,1,0,0,0,0,0,0,0,0,0,1,0,0.5000000000000001,-0.8660254037844386
213,109,1400,22,71,1400,20,1,0,0,0,0,0,0,0,0,0,0,1,0.5000000000000001,0.8660254037844386
214,165,100000,20,112,98500,20,0,1,1,0,0,0,0,0,0,0,0,0,1.0,0.0
215,182,200000,11,126,215700,11,0,1,0,1,0,0,0,0,0,0,0,0,0.8660254037844387,0.49999999999999994
216,17,300000,8,30,320800,7,0,1,0,0,1,0,0,0,0,0,0,0,0.5000000000000001,0.8660254037844386
217,149,900000,23,141,901800,23,0,1,0,0,0,1,0,0,0,0,0,0,0.5000000000000001,0.8660254037844386
218,54,200,7,46,200,6,1,0,0,0,0,0,1,0,0,0,0,0,0.5000000000000001,0.8660254037844386
219,183,5400,25,124,4900,23,1,0,0,0,0,0,0,1,0,0,0,0,-0.4999999999999998,0.8660254037844387
220,129,7000,18,92,6900,16,1,0,0,0,0,0,0,0,1,0,0,0,-0.5000000000000004,-0.8660254037844384
221,35,1900,25,58,20000,25,1,0,0,0,0,0,0,0,0,1,0,0,0.8660254037844384,-0.5000000000000004
222,144,89000,32,118,35700,32,1,0,0,0,0,0,0,0,0,0,1,0,0.5000000000000001,0.8660254037844386
223,72,900,19,92,900,17,1,0,0,0,0,0,0,0,0,0,0,1,0.5000000000000001,0.8660254037844386
224,53,50000,12,53,46100,11,0,1,1,0,0,0,0,0,0,0,0,0,0.5000000000000001,0.8660254037844386
225,87,100000,21,100,84600,20,0,1,0,1,0,0,0,0,0,0,0,0,-0.8660254037844387,0.49999999999999994
226,45,150000,4,62,134600,4,0,1,0,0,1,0,0,0,0,0,0,0,-0.8660254037844387,0.49999999999999994
227,121,450000,11,82,419600,10,0,1,0,0,0,1,0,0,0,0,0,0,-1.8369701987210297e-16,-1.0
228,134,400,19,98,400,18,1,0,0,0,0,0,1,0,0,0,0,0,-0.4999999999999998,0.8660254037844387
229,191,8100,7,130,9400,7,1,0,0,0,0,0,0,1,0,0,0,0,-0.8660254037844388,-0.4999999999999997
230,35,10500,18,42,13200,17,1,0,0,0,0,0,0,0,1,0,0,0,0.8660254037844384,-0.5000000000000004
231,1,2800,3,5,15200,3,1,0,0,0,0,0,0,0,0,1,0,0,0.8660254037844387,0.49999999999999994
232,164,83000,6,171,36000,5,1,0,0,0,0,0,0,0,0,0,1,0,-0.4999999999999998,0.8660254037844387
233,60,1400,29,77,1600,29,1,0,0,0,0,0,0,0,0,0,0,1,0.5000000000000001,-0.8660254037844386
234,107,50000,10,56,63800,9,0,1,1,0,0,0,0,0,0,0,0,0,0.8660254037844387,0.49999999999999994
235,76,100000,5,25,134200,4,0,1,0,1,0,0,0,0,0,0,0,0,0.5000000000000001,0.8660254037844386
236,134,150000,25,108,176200,24,0,1,0,0,1,0,0,0,0,0,0,0,6.123233995736766e-17,1.0
237,34,450000,9,21,608200,8,0,1,0,0,0,1,0,0,0,0,0,0,-1.0,1.2246467991473532e-16
238,135,400,30,79,300,26,1,0,0,0,0,0,1,0,0,0,0,0,0.5000000000000001,0.8660254037844386
239,152,8100,18,173,10000,16,1,0,0,0,0,0,0,1,0,0,0,0,-0.4999999999999998,0.8660254037844387
240,14,10500,30,4,10000,28,1,0,0,0,0,0,0,0,1,0,0,0,0.5000000000000001,-0.8660254037844386
241,125,2800,14,144,14300,12,1,0,0,0,0,0,0,0,0,1,0,0,0.8660254037844384,-0.5000000000000004
242,95,46000,20,124,43800,17,1,0,0,0,0,0,0,0,0,0,1,0,0.8660254037844387,0.49999999999999994
243,134,1400,14,112,1300,13,1,0,0,0,0,0,0,0,0,0,0,1,-0.8660254037844387,0.49999999999999994
244,92,200,30,162,300,26,1,0,0,0,0,0,1,0,0,0,0,0,-0.4999999999999998,0.8660254037844387
245,75,5400,30,103,7000,26,1,0,0,0,0,0,0,1,0,0,0,0,-1.8369701987210297e-16,-1.0
246,96,7000,7,59,8300,7,1,0,0,0,0,0,0,0,1,0,0,0,1.0,0.0
247,108,1900,7,146,17500,6,1,0,0,0,0,0,0,0,0,1,0,0,0.5000000000000001,0.8660254037844386
248,77,61000,15,60,57300,14,1,0,0,0,0,0,0,0,0,0,1,0,-0.8660254037844388,-0.4999999999999997
249,57,900,22,79,1200,20,1,0,0,0,0,0,0,0,0,0,0,1,-0.8660254037844388,-0.4999999999999997
250,135,50000,14,56,47200,13,0,1,1,0,0,0,0,0,0,0,0,0,6.123233995736766e-17,1.0
251,48,100000,26,84,88100,22,0,1,0,1,0,0,0,0,0,0,0,0,-0.4999999999999998,0.8660254037844387
252,171,150000,23,135,145100,20,0,1,0,0,1,0,0,0,0,0,0,0,-0.8660254037844388,-0.4999999999999997
253,47,450000,6,74,389500,5,0,1,0,0,0,1,0,0,0,0,0,0,1.0,0.0
254,193,400,32,151,500,30,1,0,0,0,0,0,1,0,0,0,0,0,-0.4999999999999998,0.8660254037844387
255,113,8100,24,196,9800,22,1,0,0,0,0,0,0,1,0,0,0,0,-0.4999999999999998,0.8660254037844387
256,86,10500,21,80,12900,18,1,0,0,0,0,0,0,0,1,0,0,0,-0.8660254037844387,0.49999999999999994
257,75,2800,9,64,14300,9,1,0,0,0,0,0,0,0,0,1,0,0,-0.8660254037844388,-0.4999999999999997
258,178,66000,31,65,27500,28,1,0,0,0,0,0,0,0,0,0,1,0,-1.8369701987210297e-16,-1.0
259,3,1400,3,5,1800,3,1,0,0,0,0,0,0,0,0,0,0,1,0.8660254037844384,-0.5000000000000004
260,20,200,19,17,300,17,1,0,0,0,0,0,1,0,0,0,0,0,0.5000000000000001,0.8660254037844386
261,149,5400,10,170,6100,9,1,0,0,0,0,0,0,1,0,0,0,0,-0.8660254037844388,-0.4999999999999997
262,103,7000,23,123,7300,20,1,0,0,0,0,0,0,0,1,0,0,0,0.8660254037844387,0.49999999999999994
263,4,1900,18,9,15900,19,1,0,0,0,0,0,0,0,0,1,0,0,0.5000000000000001,0.8660254037844386
264,152,123000,16,95,31500,14,1,0,0,0,0,0,0,0,0,0,1,0,-0.8660254037844387,0.49999999999999994
265,109,900,12,97,1000,10,1,0,0,0,0,0,0,0,0,0,0,1,-0.5000000000000004,-0.8660254037844384
266,54,50000,8,44,50100,8,0,1,1,0,0,0,0,0,0,0,0,0,0.8660254037844387,0.49999999999999994
267,66,100000,3,57,105000,3,0,1,0,1,0,0,0,0,0,0,0,0,-1.0,1.2246467991473532e-16
268,63,150000,25,144,160400,23,0,1,0,0,1,0,0,0,0,0,0,0,0.8660254037844384,-0.5000000000000004
269,176,450000,26,74,506700,23,0,1,0,0,0,1,0,0,0,0,0,0,-0.4999999999999998,0.8660254037844387
270,127,400,22,86,400,20,1,0,0,0,0,0,1,0,0,0,0,0,-0.4999999999999998,0.8660254037844387
271,52,8100,8,73,9500,8,1,0,0,0,0,0,0,1,0,0,0,0,-1.0,1.2246467991473532e-16
272,37,10500,4,11,12700,3,1,0,0,0,0,0,0,0,1,0,0,0,1.0,0.0
273,52,2800,13,73,22500,11,1,0,0,0,0,0,0,0,0,1,0,0,-0.4999999999999998,0.8660254037844387
274,53,40000,7,19,48100,6,1,0,0,0,0,0,0,0,0,0,1,0,-1.0,1.2246467991473532e-16
275,89,1400,16,102,1600,16,1,0,0,0,0,0,0,0,0,0,0,1,-0.8660254037844388,-0.4999999999999997
276,165,50000,13,87,52100,12,0,1,1,0,0,0,0,0,0,0,0,0,0.5000000000000001,0.8660254037844386
277,125,100000,21,132,105700,19,0,1,0,1,0,0,0,0,0,0,0,0,6.123233995736766e-17,1.0
278,132,150000,21,54,154900,21,0,1,0,0,1,0,0,0,0,0,0,0,-0.8660254037844388,-0.4999999999999997
279,189,450000,23,165,427200,20,0,1,0,0,0,1,0,0,0,0,0,0,-1.8369701987210297e-16,-1.0
280,158,400,27,129,400,25,1,0,0,0,0,0,1,0,0,0,0,0,1.0,0.0
281,123,8100,10,58,8500,9,1,0,0,0,0,0,0,1,0,0,0,0,-0.4999999999999998,0.8660254037844387
282,181,10500,12,233,9900,11,1,0,0,0,0,0,0,0,1,0,0,0,-1.0,1.2246467991473532e-16
283,154,2800,7,117,12700,6,1,0,0,0,0,0,0,0,0,1,0,0,-0.8660254037844388,-0.4999999999999997
284,153,51000,8,60,41200,7,1,0,0,0,0,0,0,0,0,0,1,0,0.8660254037844384,-0.5000000000000004
285,172,1400,32,113,1400,32,1,0,0,0,0,0,0,0,0,0,0,1,0.8660254037844387,0.49999999999999994
286,21,100000,14,13,98600,14,0,1,1,0,0,0,0,0,0,0,0,0,1.0,0.0
287,94,200000,7,51,192600,6,0,1,0,1,0,0,0,0,0,0,0,0,-0.8660254037844387,0.49999999999999994
288,128,300000,17,218,323600,15,0,1,0,0,1,0,0,0,0,0,0,0,-1.0,1.2246467991473532e-16
289,91,900000,32,32,887100,30,0,1,0,0,0,1,0,0,0,0,0,0,-0.8660254037844388,-0.4999999999999997
290,8,700,4,8,700,3,1,0,0,0,0,0,1,0,0,0,0,0,0.5000000000000001,0.8660254037844386
291,122,16100,32,56,15600,31,1,0,0,0,0,0,0,1,0,0,0,0,-0.8660254037844387,0.49999999999999994
292,132,21000,22,124,21200,19,1,0,0,0,0,0,0,0,1,0,0,0,-0.8660254037844388,-0.4999999999999997
293,104,5600,29,73,16300,26,1,0,0,0,0,0,0,0,0,1,0,0,0.8660254037844384,-0.5000000000000004
294,110,103000,8,77,51500,8,1,0,0,0,0,0,0,0,0,0,1,0,0.8660254037844387,0.49999999999999994
295,69,2800,30,97,2700,26,1,0,0,0,0,0,0,0,0,0,0,1,-0.4999999999999998,0.8660254037844387
296,31,400,14,45,500,13,1,0,0,0,0,0,1,0,0,0,0,0,0.5000000000000001,0.8660254037844386
297,196,8100,26,120,10500,25,1,0,0,0,0,0,0,1,0,0,0,0,-0.5000000000000004,-0.8660254037844384
298,145,10500,17,138,13600,15,1,0,0,0,0,0,0,0,1,0,0,0,1.0,0.0
299,44,2800,8,25,13900,7,1,0,0,0,0,0,0,0,0,1,0,0,-0.4999999999999998,0.8660254037844387
300,61,53000,14,71,46800,14,1,0,0,0,0,0,0,0,0,0,1,0,-1.8369701987210297e-16,-1.0
301,78,1400,30,55,1900,29,1,0,0,0,0,0,0,0,0,0,0,1,0.8660254037844387,0.49999999999999994
302,186,50000,21,163,49300,21,0,1,1,0,0,0,0,0,0,0,0,0,-0.4999999999999998,0.8660254037844387
303,185,100000,27,179,100700,27,0,1,0,1,0,0,0,0,0,0,0,0,-0.8660254037844387,0.49999999999999994
304,72,150000,17,168,144800,17,0,1,0,0,1,0,0,0,0,0,0,0,-0.8660254037844387,0.49999999999999994
305,191,450000,4,140,411700,4,0,1,0,0,0,1,0,0,0,0,0,0,0.8660254037844384,-0.5000000000000004
306,194,50000,9,93,60100,9,0,1,1,0,0,0,0,0,0,0,0,0,-0.4999999999999998,0.8660254037844387
307,183,100000,29,86,132400,26,0,1,0,1,0,0,0,0,0,0,0,0,-0.8660254037844388,-0.4999999999999997
308,166,150000,13,63,193700,11,0,1,0,0,1,0,0,0,0,0,0,0,0.5000000000000001,-0.8660254037844386
309,33,450000,22,18,586700,21,0,1,0,0,0,1,0,0,0,0,0,0,1.0,0.0
310,11,400,5,11,400,5,1,0,0,0,0,0,1,0,0,0,0,0,0.5000000000000001,0.8660254037844386
311,134,8100,23,129,8700,20,1,0,0,0,0,0,0,1,0,0,0,0,-1.0,1.2246467991473532e-16
312,188,10500,15,132,10600,14,1,0,0,0,0,0,0,0,1,0,0,0,-0.8660254037844388,-0.4999999999999997
313,99,2800,18,121,17100,17,1,0,0,0,0,0,0,0,0,1,0,0,0.8660254037844384,-0.5000000000000004
314,166,33000,20,102,24300,19,1,0,0,0,0,0,0,0,0,0,1,0,-0.8660254037844387,0.49999999999999994
315,189,1400,11,159,1600,11,1,0,0,0,0,0,0,0,0,0,0,1,-0.5000000000000004,-0.8660254037844384
316,49,50000,8,54,55100,7,0,1,1,0,0,0,0,0,0,0,0,0,6.123233995736766e-17,1.0
317,60,100000,20,70,103000,18,0,1,0,1,0,0,0,0,0,0,0,0,-0.8660254037844387,0.49999999999999994
318,151,150000,24,106,158700,23,0,1,0,0,1,0,0,0,0,0,0,0,0.5000000000000001,-0.8660254037844386
319,177,450000,12,145,449100,11,0,1,0,0,0,1,0,0,0,0,0,0,0.5000000000000001,0.8660254037844386
320,164,400,28,140,400,27,1,0,0,0,0,0,1,0,0,0,0,0,-0.4999999999999998,0.8660254037844387
321,101,8100,15,128,9500,9,1,0,0,0,0,0,0,1,0,0,0,0,-1.8369701987210297e-16,-1.0
322,38,10500,21,27,11900,21,1,0,0,0,0,0,0,0,1,0,0,0,0.8660254037844387,0.49999999999999994
323,26,2800,15,39,21700,9,1,0,0,0,0,0,0,0,0,1,0,0,0.5000000000000001,0.8660254037844386
324,31,37000,8,58,22500,8,1,0,0,0,0,0,0,0,0,0,1,0,6.123233995736766e-17,1.0
325,99,1400,11,129,1700,11,1,0,0,0,0,0,0,0,0,0,0,1,-1.8369701987210297e-16,-1.0
326,129,100000,12,108,113800,11,0,1,1,0,0,0,0,0,0,0,0,0,0.8660254037844387,0.49999999999999994
327,138,200000,6,56,228100,5,0,1,0,1,0,0,0,0,0,0,0,0,-0.4999999999999998,0.8660254037844387
328,31,300000,7,15,347500,6,0,1,0,0,1,0,0,0,0,0,0,0,-1.0,1.2246467991473532e-16
329,76,900000,28,133,989000,24,0,1,0,0,0,1,0,0,0,0,0,0,0.8660254037844384,-0.5000000000000004
330,127,700,14,109,800,9,1,0,0,0,0,0,1,0,0,0,0,0,0.8660254037844387,0.49999999999999994
331,126,16100,30,156,18000,17,1,0,0,0,0,0,0,1,0,0,0,0,-0.4999999999999998,0.8660254037844387
332,184,21000,20,72,24300,14,1,0,0,0,0,0,0,0,1,0,0,0,-1.8369701987210297e-16,-1.0
333,123,5600,15,99,23400,9,1,0,0,0,0,0,0,0,0,1,0,0,1.0,0.0
334,122,66000,3,67,42500,2,1,0,0,0,0,0,0,0,0,0,1,0,0.8660254037844387,0.49999999999999994
335,172,2800,23,108,2900,15,1,0,0,0,0,0,0,0,0,0,0,1,-0.4999999999999998,0.8660254037844387
336,38,100000,31,16,122100,27,0,1,1,0,0,0,0,0,0,0,0,0,0.8660254037844387,0.49999999999999994
337,173,200000,19,148,226700,18,0,1,0,1,0,0,0,0,0,0,0,0,-1.0,1.2246467991473532e-16
338,21,300000,11,12,375700,10,0,1,0,0,1,0,0,0,0,0,0,0,0.8660254037844384,-0.5000000000000004
339,162,900000,9,172,1041700,9,0,1,0,0,0,1,0,0,0,0,0,0,6.123233995736766e-17,1.0
340,159,700,6,138,800,4,1,0,0,0,0,0,1,0,0,0,0,0,0.8660254037844387,0.49999999999999994
341,186,16100,15,133,19500,9,1,0,0,0,0,0,0,1,0,0,0,0,6.123233995736766e-17,1.0
342,198,21000,12,141,23000,7,1,0,0,0,0,0,0,0,1,0,0,0,-0.4999999999999998,0.8660254037844387
343,101,5600,32,131,25500,18,1,0,0,0,0,0,0,0,0,1,0,0,-0.5000000000000004,-0.8660254037844384
344,170,71000,13,70,24800,8,1,0,0,0,0,0,0,0,0,0,1,0,0.5000000000000001,0.8660254037844386
345,131,2800,4,83,3200,2,1,0,0,0,0,0,0,0,0,0,0,1,-0.4999999999999998,0.8660254037844387
346,41,400,8,43,400,8,1,0,0,0,0,0,1,0,0,0,0,0,0.5000000000000001,0.8660254037844386
347,188,8100,27,104,10200,26,1,0,0,0,0,0,0,1,0,0,0,0,-1.0,1.2246467991473532e-16
348,45,10500,10,60,12900,9,1,0,0,0,0,0,0,0,1,0,0,0,0.5000000000000001,-0.8660254037844386
349,159,2800,14,160,20000,13,1,0,0,0,0,0,0,0,0,1,0,0,1.0,0.0
350,104,51000,27,132,36500,26,1,0,0,0,0,0,0,0,0,0,1,0,-0.8660254037844387,0.49999999999999994
351,28,1400,11,37,1700,10,1,0,0,0,0,0,0,0,0,0,0,1,-1.8369701987210297e-16,-1.0
352,26,100000,4,36,106400,4,0,1,1,0,0,0,0,0,0,0,0,0,6.123233995736766e-17,1.0
353,76,200000,20,50,223800,18,0,1,0,1,0,0,0,0,0,0,0,0,-0.8660254037844387,0.49999999999999994
354,94,300000,17,54,326700,17,0,1,0,0,1,0,0,0,0,0,0,0,0.5000000000000001,-0.8660254037844386
355,86,900000,23,49,919400,22,0,1,0,0,0,1,0,0,0,0,0,0,1.0,0.0
356,25,100000,27,30,97200,23,0,1,1,0,0,0,0,0,0,0,0,0,0.5000000000000001,0.8660254037844386
357,195,200000,17,96,197200,16,0,1,0,1,0,0,0,0,0,0,0,0,6.123233995736766e-17,1.0
358,54,300000,11,77,324900,10,0,1,0,0,1,0,0,0,0,0,0,0,-1.0,1.2246467991473532e-16
359,79,900000,26,122,980800,26,0,1,0,0,0,1,0,0,0,0,0,0,-0.5000000000000004,-0.8660254037844384
360,113,700,13,138,900,8,1,0,0,0,0,0,1,0,0,0,0,0,-0.4999999999999998,0.8660254037844387
361,48,16100,19,50,19300,11,1,0,0,0,0,0,0,1,0,0,0,0,-1.8369701987210297e-16,-1.0
362,1,21000,1,5,24400,1,1,0,0,0,0,0,0,0,1,0,0,0,0.8660254037844384,-0.5000000000000004
363,53,5600,30,63,18500,17,1,0,0,0,0,0,0,0,0,1,0,0,-0.4999999999999998,0.8660254037844387
364,168,123000,27,125,51600,17,1,0,0,0,0,0,0,0,0,0,1,0,-1.8369701987210297e-16,-1.0
365,185,2800,31,121,3400,21,1,0,0,0,0,0,0,0,0,0,0,1,-1.8369701987210297e-16,-1.0
366,151,100000,6,57,130500,6,0,1,1,0,0,0,0,0,0,0,0,0,6.123233995736766e-17,1.0
367,16,200000,26,7,253400,25,0,1,0,1,0,0,0,0,0,0,0,0,-0.8660254037844387,0.49999999999999994
368,67,300000,3,135,339700,3,0,1,0,0,1,0,0,0,0,0,0,0,-0.5000000000000004,-0.8660254037844384
369,14,900000,21,14,1173900,18,0,1,0,0,0,1,0,0,0,0,0,0,1.0,0.0
370,63,700,19,65,700,13,1,0,0,0,0,0,1,0,0,0,0,0,6.123233995736766e-17,1.0
371,174,16100,31,163,16400,18,1,0,0,0,0,0,0,1,0,0,0,0,-0.8660254037844387,0.49999999999999994
372,20,21000,29,13,21800,19,1,0,0,0,0,0,0,0,1,0,0,0,-1.0,1.2246467991473532e-16
373,102,5600,5,102,23300,3,1,0,0,0,0,0,0,0,0,1,0,0,0.5000000000000001,-0.8660254037844386
374,58,66000,23,37,41900,14,1,0,0,0,0,0,0,0,0,0,1,0,0.8660254037844387,0.49999999999999994
375,194,2800,28,104,2700,16,1,0,0,0,0,0,0,0,0,0,0,1,6.123233995736766e-17,1.0
376,30,33300,6,25,42700,6,0,1,1,0,0,0,0,0,0,0,0,0,0.8660254037844387,0.49999999999999994
377,101,66700,7,115,92000,6,0,1,0,1,0,0,0,0,0,0,0,0,-0.4999999999999998,0.8660254037844387
378,152,100000,7,100,132700,6,0,1,0,0,1,0,0,0,0,0,0,0,-0.5000000000000004,-0.8660254037844384
379,21,300000,6,32,399500,6,0,1,0,0,0,1,0,0,0,0,0,0,-0.5000000000000004,-0.8660254037844384
380,41,200,20,43,300,12,1,0,0,0,0,0,1,0,0,0,0,0,0.5000000000000001,0.8660254037844386
381,124,5400,18,100,5200,12,1,0,0,0,0,0,0,1,0,0,0,0,-1.0,1.2246467991473532e-16
382,185,7000,21,140,7500,14,1,0,0,0,0,0,0,0,1,0,0,0,-1.0,1.2246467991473532e-16
383,112,1900,29,121,18600,17,1,0,0,0,0,0,0,0,0,1,0,0,-0.5000000000000004,-0.8660254037844384
384,81,62000,22,76,20300,13,1,0,0,0,0,0,0,0,0,0,1,0,1.0,0.0
385,174,900,7,110,1000,4,1,0,0,0,0,0,0,0,0,0,0,1,-0.8660254037844387,0.49999999999999994
386,142,33300,27,198,36200,26,0,1,1,0,0,0,0,0,0,0,0,0,6.123233995736766e-17,1.0
387,91,66700,18,121,71800,17,0,1,0,1,0,0,0,0,0,0,0,0,-0.4999999999999998,0.8660254037844387
388,175,100000,20,90,104900,19,0,1,0,0,1,0,0,0,0,0,0,0,-0.5000000000000004,-0.8660254037844384
389,54,300000,15,54,329500,15,0,1,0,0,0,1,0,0,0,0,0,0,0.8660254037844384,-0.5000000000000004
390,11,50000,3,25,52600,3,0,1,1,0,0,0,0,0,0,0,0,0,1.0,0.0
391,167,100000,21,157,95500,19,0,1,0,1,0,0,0,0,0,0,0,0,0.8660254037844387,0.49999999999999994
392,197,150000,22,62,146200,22,0,1,0,0,1,0,0,0,0,0,0,0,0.5000000000000001,0.8660254037844386
393,60,450000,13,52,465500,13,0,1,0,0,0,1,0,0,0,0,0,0,-0.4999999999999998,0.8660254037844387
394,187,400,21,82,400,14,1,0,0,0,0,0,1,0,0,0,0,0,0.5000000000000001,0.8660254037844386
395,76,8100,4,96,9200,3,1,0,0,0,0,0,0,1,0,0,0,0,-0.8660254037844387,0.49999999999999994
396,31,10500,27,11,12700,18,1,0,0,0,0,0,0,0,1,0,0,0,-1.8369701987210297e-16,-1.0
397,123,2800,29,146,22100,18,1,0,0,0,0,0,0,0,0,1,0,0,0.8660254037844387,0.49999999999999994
398,109,70000,25,135,41100,16,1,0,0,0,0,0,0,0,0,0,1,0,-1.0,1.2246467991473532e-16
399,197,1400,26,172,1600,15,1,0,0,0,0,0,0,0,0,0,0,1,0.5000000000000001,-0.8660254037844386
400,2,200,3,8,300,3,1,0,0,0,0,0,1,0,0,0,0,0,0.5000000000000001,0.8660254037844386
401,17,5400,4,17,6300,4,1,0,0,0,0,0,0,1,0,0,0,0,-0.8660254037844387,0.49999999999999994
402,52,7000,9,75,7400,9,1,0,0,0,0,0,0,0,1,0,0,0,0.5000000000000001,-0.8660254037844386
403,60,1900,21,55,13500,20,1,0,0,0,0,0,0,0,0,1,0,0,0.5000000000000001,0.8660254037844386
404,182,44000,29,151,33300,27,1,0,0,0,0,0,0,0,0,0,1,0,-0.8660254037844388,-0.4999999999999997
405,96,900,26,131,1000,22,1,0,0,0,0,0,0,0,0,0,0,1,-0.5000000000000004,-0.8660254037844384
406,139,33300,13,154,42200,12,0,1,1,0,0,0,0,0,0,0,0,0,6.123233995736766e-17,1.0
407,193,66700,10,98,90400,9,0,1,0,1,0,0,0,0,0,0,0,0,-0.5000000000000004,-0.8660254037844384
408,56,100000,28,51,126700,26,0,1,0,0,1,0,0,0,0,0,0,0,0.5000000000000001,-0.8660254037844386
409,149,300000,28,56,366700,25,0,1,0,0,0,1,0,0,0,0,0,0,1.0,0.0
410,89,33300,8,64,31000,8,0,1,1,0,0,0,0,0,0,0,0,0,6.123233995736766e-17,1.0
411,178,66700,15,65,61900,13,0,1,0,1,0,0,0,0,0,0,0,0,-0.8660254037844387,0.49999999999999994
412,34,100000,13,41,88400,13,0,1,0,0,1,0,0,0,0,0,0,0,-0.8660254037844388,-0.4999999999999997
413,119,300000,29,100,268500,28,0,1,0,0,0,1,0,0,0,0,0,0,-0.5000000000000004,-0.8660254037844384
414,95,33300,26,132,30400,25,0,1,1,0,0,0,0,0,0,0,0,0,0.8660254037844387,0.49999999999999994
415,17,66700,29,16,58400,28,0,1,0,1,0,0,0,0,0,0,0,0,-0.8660254037844387,0.49999999999999994
416,46,100000,24,31,99600,22,0,1,0,0,1,0,0,0,0,0,0,0,0.5000000000000001,-0.8660254037844386
417,13,300000,4,15,282200,4,0,1,0,0,0,1,0,0,0,0,0,0,6.123233995736766e-17,1.0
418,20,33300,11,30,36400,10,0,1,1,0,0,0,0,0,0,0,0,0,0.8660254037844387,0.49999999999999994
419,188,66700,11,199,73900,9,0,1,0,1,0,0,0,0,0,0,0,0,0.5000000000000001,0.8660254037844386
420,102,100000,7,63,118900,6,0,1,0,0,1,0,0,0,0,0,0,0,0.5000000000000001,0.8660254037844386
421,105,300000,6,73,325600,5,0,1,0,0,0,1,0,0,0,0,0,0,-0.4999999999999998,0.8660254037844387
422,166,33300,22,164,33500,22,0,1,1,0,0,0,0,0,0,0,0,0,1.0,0.0
423,159,66700,25,171,65000,22,0,1,0,1,0,0,0,0,0,0,0,0,1.0,0.0
424,26,100000,32,41,103700,28,0,1,0,0,1,0,0,0,0,0,0,0,-1.0,1.2246467991473532e-16
425,110,300000,14,71,289300,13,0,1,0,0,0,1,0,0,0,0,0,0,-0.5000000000000004,-0.8660254037844384
426,54,33300,32,40,32300,29,0,1,1,0,0,0,0,0,0,0,0,0,1.0,0.0
427,152,66700,25,180,62100,22,0,1,0,1,0,0,0,0,0,0,0,0,0.5000000000000001,0.8660254037844386
428,90,100000,28,87,83300,27,0,1,0,0,1,0,0,0,0,0,0,0,-0.5000000000000004,-0.8660254037844384
429,49,300000,9,40,276000,9,0,1,0,0,0,1,0,0,0,0,0,0,0.8660254037844384,-0.5000000000000004
430,91,50000,26,124,65800,26,0,1,1,0,0,0,0,0,0,0,0,0,0.5000000000000001,0.8660254037844386
431,77,100000,18,34,122500,16,0,1,0,1,0,0,0,0,0,0,0,0,0.5000000000000001,0.8660254037844386
432,169,150000,21,178,188500,18,0,1,0,0,1,0,0,0,0,0,0,0,6.123233995736766e-17,1.0
433,61,450000,8,127,556700,8,0,1,0,0,0,1,0,0,0,0,0,0,-1.8369701987210297e-16,-1.0
434,117,50000,8,56,49600,8,0,1,1,0,0,0,0,0,0,0,0,0,0.8660254037844387,0.49999999999999994
435,126,100000,6,102,103900,5,0,1,0,1,0,0,0,0,0,0,0,0,6.123233995736766e-17,1.0
436,71,150000,10,166,154000,10,0,1,0,0,1,0,0,0,0,0,0,0,6.123233995736766e-17,1.0
437,113,450000,23,116,444200,22,0,1,0,0,0,1,0,0,0,0,0,0,-1.8369701987210297e-16,-1.0
438,109,100000,12,38,112800,11,0,1,1,0,0,0,0,0,0,0,0,0,-0.4999999999999998,0.8660254037844387
439,153,200000,23,128,229100,20,0,1,0,1,0,0,0,0,0,0,0,0,-1.0,1.2246467991473532e-16
440,165,300000,15,132,318200,14,0,1,0,0,1,0,0,0,0,0,0,0,-1.0,1.2246467991473532e-16
441,181,900000,24,99,945400,23,0,1,0,0,0,1,0,0,0,0,0,0,0.5000000000000001,-0.8660254037844386
442,121,700,23,67,700,22,1,0,0,0,0,0,1,0,0,0,0,0,0.5000000000000001,0.8660254037844386
443,16,16100,30,25,18200,29,1,0,0,0,0,0,0,1,0,0,0,0,-0.4999999999999998,0.8660254037844387
444,110,21000,29,144,22000,25,1,0,0,0,0,0,0,0,1,0,0,0,-0.8660254037844387,0.49999999999999994
445,132,5600,10,130,17600,10,1,0,0,0,0,0,0,0,0,1,0,0,0.8660254037844384,-0.5000000000000004
446,83,45000,7,110,45300,7,1,0,0,0,0,0,0,0,0,0,1,0,1.0,0.0
447,46,2800,6,53,3100,5,1,0,0,0,0,0,0,0,0,0,0,1,1.0,0.0
448,31,50000,20,17,65100,20,0,1,1,0,0,0,0,0,0,0,0,0,6.123233995736766e-17,1.0
449,13,100000,20,25,128300,19,0,1,0,1,0,0,0,0,0,0,0,0,-0.5000000000000004,-0.8660254037844384
450,63,150000,32,147,180000,29,0,1,0,0,1,0,0,0,0,0,0,0,0.5000000000000001,-0.8660254037844386
451,44,450000,23,105,579700,23,0,1,0,0,0,1,0,0,0,0,0,0,6.123233995736766e-17,1.0
452,125,50000,8,125,64600,7,0,1,1,0,0,0,0,0,0,0,0,0,1.0,0.0
453,117,100000,23,84,121900,22,0,1,0,1,0,0,0,0,0,0,0,0,0.8660254037844387,0.49999999999999994
454,54,150000,24,99,172800,24,0,1,0,0,1,0,0,0,0,0,0,0,-0.4999999999999998,0.8660254037844387
455,120,450000,30,121,545500,26,0,1,0,0,0,1,0,0,0,0,0,0,-0.8660254037844388,-0.4999999999999997
456,175,50000,5,139,52100,4,0,1,1,0,0,0,0,0,0,0,0,0,0.5000000000000001,0.8660254037844386
457,149,100000,3,125,109800,3,0,1,0,1,0,0,0,0,0,0,0,0,6.123233995736766e-17,1.0
458,198,150000,7,154,168300,6,0,1,0,0,1,0,0,0,0,0,0,0,-0.8660254037844388,-0.4999999999999997
459,109,450000,27,123,467000,27,0,1,0,0,0,1,0,0,0,0,0,0,-1.8369701987210297e-16,-1.0
460,196,50000,10,196,59600,10,0,1,1,0,0,0,0,0,0,0,0,0,1.0,0.0
461,15,100000,17,7,120700,16,0,1,0,1,0,0,0,0,0,0,0,0,1.0,0.0
462,197,150000,26,176,198700,25,0,1,0,0,1,0,0,0,0,0,0,0,6.123233995736766e-17,1.0
463,61,450000,23,64,531300,23,0,1,0,0,0,1,0,0,0,0,0,0,-1.8369701987210297e-16,-1.0
464,64,400,24,83,400,22,1,0,0,0,0,0,1,0,0,0,0,0,6.123233995736766e-17,1.0
465,32,8100,14,16,16000,14,1,0,0,0,0,0,0,1,0,0,0,0,-1.0,1.2246467991473532e-16
466,130,10500,11,54,13500,9,1,0,0,0,0,0,0,0,1,0,0,0,-1.0,1.2246467991473532e-16
467,102,2800,31,76,15400,27,1,0,0,0,0,0,0,0,0,1,0,0,-0.5000000000000004,-0.8660254037844384
468,134,53000,22,147,30700,19,1,0,0,0,0,0,0,0,0,0,1,0,-1.8369701987210297e-16,-1.0
469,34,1400,5,55,1600,5,1,0,0,0,0,0,0,0,0,0,0,1,-1.8369701987210297e-16,-1.0
470,115,400,18,132,400,16,1,0,0,0,0,0,1,0,0,0,0,0,-0.4999999999999998,0.8660254037844387
471,190,8100,16,135,11900,14,1,0,0,0,0,0,0,1,0,0,0,0,-0.8660254037844387,0.49999999999999994
472,92,10500,21,157,9200,19,1,0,0,0,0,0,0,0,1,0,0,0,-1.0,1.2246467991473532e-16
473,123,2800,5,150,20200,4,1,0,0,0,0,0,0,0,0,1,0,0,0.8660254037844384,-0.5000000000000004
474,54,68000,17,19,21800,15,1,0,0,0,0,0,0,0,0,0,1,0,-0.4999999999999998,0.8660254037844387
475,32,1400,18,22,1300,18,1,0,0,0,0,0,0,0,0,0,0,1,-0.4999999999999998,0.8660254037844387
476,197,700,14,81,800,14,1,0,0,0,0,0,1,0,0,0,0,0,-0.4999999999999998,0.8660254037844387
477,193,16100,28,134,19100,27,1,0,0,0,0,0,0,1,0,0,0,0,-0.8660254037844388,-0.4999999999999997
478,58,21000,4,58,22200,4,1,0,0,0,0,0,0,0,1,0,0,0,1.0,0.0
479,91,5600,16,80,22200,15,1,0,0,0,0,0,0,0,0,1,0,0,-0.8660254037844387,0.49999999999999994
480,27,79000,25,17,50400,22,1,0,0,0,0,0,0,0,0,0,1,0,-0.8660254037844388,-0.4999999999999997
481,187,2800,31,110,3400,31,1,0,0,0,0,0,0,0,0,0,0,1,0.8660254037844387,0.49999999999999994
482,191,200,7,63,200,5,1,0,0,0,0,0,1,0,0,0,0,0,1.0,0.0
483,46,5400,8,52,5000,6,1,0,0,0,0,0,0,1,0,0,0,0,0.5000000000000001,0.8660254037844386
484,109,7000,31,138,6500,17,1,0,0,0,0,0,0,0,1,0,0,0,-0.8660254037844388,-0.4999999999999997
485,30,1900,9,53,13800,5,1,0,0,0,0,0,0,0,0,1,0,0,1.0,0.0
486,5,59000,17,12,56200,9,1,0,0,0,0,0,0,0,0,0,1,0,-1.0,1.2246467991473532e-16
487,115,900,12,135,900,7,1,0,0,0,0,0,0,0,0,0,0,1,0.5000000000000001,-0.8660254037844386
488,15,400,23,22,300,22,1,0,0,0,0,0,1,0,0,0,0,0,-0.4999999999999998,0.8660254037844387
489,75,8100,14,68,12400,13,1,0,0,0,0,0,0,1,0,0,0,0,-0.8660254037844388,-0.4999999999999997
490,161,10500,15,114,10300,14,1,0,0,0,0,0,0,0,1,0,0,0,-1.8369701987210297e-16,-1.0
491,193,2800,29,100,15100,28,1,0,0,0,0,0,0,0,0,1,0,0,0.8660254037844387,0.49999999999999994
492,62,123000,24,24,20200,21,1,0,0,0,0,0,0,0,0,0,1,0,-0.4999999999999998,0.8660254037844387
493,80,1400,8,78,1400,8,1,0,0,0,0,0,0,0,0,0,0,1,-0.8660254037844387,0.49999999999999994
494,121,700,25,69,700,21,1,0,0,0,0,0,1,0,0,0,0,0,1.0,0.0
495,109,16100,30,71,17000,29,1,0,0,0,0,0,0,1,0,0,0,0,0.5000000000000001,0.8660254037844386
496,175,21000,20,175,20300,18,1,0,0,0,0,0,0,0,1,0,0,0,-0.8660254037844387,0.49999999999999994
497,68,5600,6,86,19400,5,1,0,0,0,0,0,0,0,0,1,0,0,0.5000000000000001,-0.8660254037844386
498,2,75000,5,6,37900,5,1,0,0,0,0,0,0,0,0,0,1,0,0.8660254037844387,0.49999999999999994
499,64,2800,10,89,2800,9,1,0,0,0,0,0,0,0,0,0,0,1,6.123233995736766e-17,1.0
500,30,50000,32,17,56500,31,0,1,1,0,0,0,0,0,0,0,0,0,6.123233995736766e-17,1.0
501,84,100000,27,41,120400,26,0,1,0,1,0,0,0,0,0,0,0,0,-1.8369701987210297e-16,-1.0
502,186,150000,31,70,163500,29,0,1,0,0,1,0,0,0,0,0,0,0,0.5000000000000001,-0.8660254037844386
503,86,450000,24,39,499700,21,0,1,0,0,0,1,0,0,0,0,0,0,1.0,0.0
504,155,400,9,65,500,9,1,0,0,0,0,0,1,0,0,0,0,0,0.5000000000000001,0.8660254037844386
505,3,8100,1,9,10100,1,1,0,0,0,0,0,0,1,0,0,0,0,-0.4999999999999998,0.8660254037844387
506,199,10500,15,152,12900,13,1,0,0,0,0,0,0,0,1,0,0,0,-0.8660254037844387,0.49999999999999994
507,172,2800,28,141,20800,24,1,0,0,0,0,0,0,0,0,1,0,0,0.5000000000000001,-0.8660254037844386
508,71,62000,12,63,32800,12,1,0,0,0,0,0,0,0,0,0,1,0,0.8660254037844384,-0.5000000000000004
509,12,1400,5,8,1700,5,1,0,0,0,0,0,0,0,0,0,0,1,6.123233995736766e-17,1.0
510,60,50000,23,99,54300,22,0,1,1,0,0,0,0,0,0,0,0,0,0.8660254037844387,0.49999999999999994
511,199,100000,12,151,96900,11,0,1,0,1,0,0,0,0,0,0,0,0,-0.8660254037844387,0.49999999999999994
512,57,150000,20,28,144400,19,0,1,0,0,1,0,0,0,0,0,0,0,0.5000000000000001,-0.8660254037844386
513,125,450000,18,168,440900,18,0,1,0,0,0,1,0,0,0,0,0,0,0.8660254037844384,-0.5000000000000004
514,9,400,2,11,400,2,1,0,0,0,0,0,1,0,0,0,0,0,-0.4999999999999998,0.8660254037844387
515,5,8100,6,4,14700,5,1,0,0,0,0,0,0,1,0,0,0,0,-0.5000000000000004,-0.8660254037844384
516,1,10500,1,8,13100,1,1,0,0,0,0,0,0,0,1,0,0,0,-1.8369701987210297e-16,-1.0
517,102,2800,13,131,19800,12,1,0,0,0,0,0,0,0,0,1,0,0,1.0,0.0
518,175,68000,20,75,39600,19,1,0,0,0,0,0,0,0,0,0,1,0,0.8660254037844387,0.49999999999999994
519,167,1400,24,171,1900,23,1,0,0,0,0,0,0,0,0,0,0,1,6.123233995736766e-17,1.0
